{"train_loss": 0.15270744501799344, "val_loss": 1.8173041758537292, "_timestamp": 1695041211.8734906, "_runtime": 783.4345445632935, "_step": 0, "_wandb": {"runtime": 782}}