{"train_loss": 0.10886954990029335, "val_loss": 1.3881048974990844, "_timestamp": 1695039576.5873947, "_runtime": 560.3679847717285, "_step": 0, "_wandb": {"runtime": 559}}