{"train_loss": 4.34267318428283e-06, "val_loss": 0.44698682260513306, "_timestamp": 1695045820.2429934, "_runtime": 1527.3676192760468, "_step": 0, "_wandb": {"runtime": 1526}}