{"train_loss": 0.2620732861310244, "val_loss": 1.5496326522827149, "_timestamp": 1695051160.1252627, "_runtime": 492.58352279663086, "_step": 0, "_wandb": {"runtime": 490}}