{"train_loss": 0.005510058830026537, "val_loss": 0.6555641541481018, "_timestamp": 1695040236.4277022, "_runtime": 649.5939071178436, "_step": 0, "_wandb": {"runtime": 648}}