{"train_loss": 2.943331806898117, "val_loss": 3.6057434883117674, "_timestamp": 1695049383.0981712, "_runtime": 210.17558813095093, "_step": 0, "_wandb": {"runtime": 209}}