{"train_loss": 6.680924190277438e-06, "val_loss": 0.43763478350639345, "_timestamp": 1695047183.4995353, "_runtime": 995.401849269867, "_step": 0, "_wandb": {"runtime": 994}}