{"train_loss": 0.11503486859798431, "val_loss": 1.0493591969013214, "_timestamp": 1695043203.964722, "_runtime": 174.60092496871948, "_step": 0, "_wandb": {"runtime": 173}}