{"train_loss": 0.5904173114299774, "val_loss": 1.6425014123916626, "_timestamp": 1695044278.5739622, "_runtime": 565.6220443248749, "_step": 0, "_wandb": {"runtime": 564}}