{"train_loss": NaN, "val_loss": NaN, "_timestamp": 1695047412.1505094, "_runtime": 208.34058332443237, "_step": 0, "_wandb": {"runtime": 207}}