{"train_loss": 0.008142923385370524, "val_loss": 0.7631948626041413, "_timestamp": 1695050411.0887551, "_runtime": 1006.9310991764069, "_step": 0, "_wandb": {"runtime": 1004}}