{"train_loss": 3.548765156984329, "val_loss": 4.7190919132232665, "_timestamp": 1695043384.7727382, "_runtime": 167.08842015266418, "_step": 0, "_wandb": {"runtime": 165}}