{"train_loss": 0.012636779491323977, "val_loss": 0.8640230464935302, "_timestamp": 1695043698.5580425, "_runtime": 299.7473485469818, "_step": 0, "_wandb": {"runtime": 298}}