{"train_loss": 9.434429338216432e-05, "val_loss": 0.4253047561049461, "_timestamp": 1695048170.2709548, "_runtime": 744.343122959137, "_step": 0, "_wandb": {"runtime": 743}}