{"train_loss": 0.024281833263114096, "val_loss": 0.9999920017719269, "_timestamp": 1695041377.8108547, "_runtime": 150.29040360450745, "_step": 0, "_wandb": {"runtime": 149}}