{"train_loss": 0.038659088641405104, "val_loss": 0.9520952887535096, "_timestamp": 1695040413.277852, "_runtime": 166.64979004859924, "_step": 0, "_wandb": {"runtime": 165}}