{"train_loss": 0.08649031027778983, "val_loss": 1.4576109189987183, "_timestamp": 1695046173.7737713, "_runtime": 332.72926139831543, "_step": 0, "_wandb": {"runtime": 331}}