{"train_loss": 0.0030440816078335046, "val_loss": 0.6924915320873261, "_timestamp": 1695043015.8789308, "_runtime": 1623.6307487487793, "_step": 0, "_wandb": {"runtime": 1620}}