{"train_loss": 0.03547933667898178, "val_loss": 0.8869247043132782, "_timestamp": 1695050653.7606995, "_runtime": 230.67469453811646, "_step": 0, "_wandb": {"runtime": 228}}