{"train_loss": 1.686863275244832e-05, "val_loss": 0.4420969994068146, "_timestamp": 1695049152.5009506, "_runtime": 967.2982556819916, "_step": 0, "_wandb": {"runtime": 965}}